"Item","Status","Referring Domains","Trust Flow","Citation Flow","Topical Trust Flow Topic 0","Topical Trust Flow Value 0","Topical Trust Flow Topic 1","Topical Trust Flow Value 1","Topical Trust Flow Topic 2","Topical Trust Flow Value 2"
"iranynapoly.hu","Found","311","18","15","Games/Gambling","18","Recreation/Travel","17","News","12"
"jonasholm.dk","Found","85","17","19","Regional/Europe","12","Home/Gardening","12","Recreation/Models","12"
"passportsymphony.com","Found","2551","25","21","Recreation/Travel","25","Recreation","19","",""
"managermagazin.hu","Found","325","22","23","Computers/Security","21","Arts/Music","21","Business/Employment","20"
"financedetails.com","Found","95","6","13","Science/Environment","2","Arts","1","Recreation/Travel","1"
"diarioceleste.com.br","Found","195","22","24","News/Media Industry","22","Regional/South America","20","Recreation/Travel","18"
"liverpoolnoise.com","Found","157","29","21","Reference/Education","29","Society/Politics","24","Business/Business Services","22"
"irnpost.com","Found","2267","23","36","Adult/World","22","Adult/Regional","22","Adult/Shopping","22"
"footballgroundmap.com","Found","2627","23","50","Sports/Soccer","23","Shopping/Sports","22","Games/Gambling","21"
"gamefox.it","Found","260","13","13","Business/Financial Services","12","Society/People","11","Business/Energy","11"
"vesuviolive.it","Found","1324","29","46","Arts/Music","28","Arts/Visual Arts","28","Science/Biology","27"
"vermoegenet.de","Found","114","23","28","Home/Consumer Information","22","Regional/North America","21","Games/Card Games","18"
"drjemma.co.uk","Found","235","27","14","Health/Medicine","27","Health/Conditions and Diseases","24","Health/Child Health","22"
"endbugflow.com","Found","136","12","29","Recreation/Autos","12","Recreation/Motorcycles","12","Society","9"
"horacampinas.com.br","Found","672","27","23","Shopping","26","Science","24","Reference/Education","22"
"grottaglieinrete.it","Found","383","35","16","World/Italiano","35","Regional/Europe","27","Society/People","25"
"shockingpublishing.com","Found","27","23","19","Society/Law","23","Society/People","18","",""
"energycue.it","Found","320","24","36","Computers/Multimedia","24","Society/Issues","21","Computers/Internet","21"
"ciatto.com.br","Found","27","18","21","Computers/Internet/On the Web","18","","","",""
"investingsuomi.fi","Found","20","0","9","","","","","",""
